candidate_id,name_de,source_url,category_proposal,location_scope,reviewer_verdict,review_notes
MB-2026-01482,Sanierung des Kunstrasen Großspielfeldes - Schönfließer Strasse,https://mein.berlin.de/vorhaben/2026-01482/,civic_sport,official_register_navigation_point_not_footprint,,
MB-2026-01465,Neubau einer Kindertageseinrichtung,https://mein.berlin.de/vorhaben/2026-01465/,education,official_register_navigation_point_not_footprint,,
MB-2026-01446,Neugestaltung der Außenanlagen Schule am Zwickauer Damm,https://mein.berlin.de/vorhaben/2026-01446/,education,official_register_navigation_point_not_footprint,,
MB-2026-01444,"Paul-Klee-Grundschule: Umbau, Sanierung und Erweiterung",https://mein.berlin.de/vorhaben/2026-01444/,education,official_register_navigation_point_not_footprint,,
MB-2026-01443,Marianne-Cohn-Schule: Sanierung/Neubau des Schulhofes und der Sportanlage,https://mein.berlin.de/vorhaben/2026-01443/,education,official_register_navigation_point_not_footprint,,
MB-2026-01441,Friedrich-Bergius-Schule: Neubau einer Typen-Sporthalle am Standort Perelsplatz 6-9,https://mein.berlin.de/vorhaben/2026-01441/,education,official_register_navigation_point_not_footprint,,
MB-2026-01440,"Ruppin-Grundschule: Sanierung, Umbau und Erweiterung",https://mein.berlin.de/vorhaben/2026-01440/,education,official_register_navigation_point_not_footprint,,
MB-2026-01438,"Rückert-Gymnasium: Großsanierung von Schulgebäuden (BSO VI), Gesamtsanierung",https://mein.berlin.de/vorhaben/2026-01438/,education,official_register_navigation_point_not_footprint,,
MB-2026-01435,Georg-Büchner-Gymnasium: Ersatzneubau mit Sporthalle,https://mein.berlin.de/vorhaben/2026-01435/,education,official_register_navigation_point_not_footprint,,
MB-2026-01432,Solling-Schule: Ersatzneubau,https://mein.berlin.de/vorhaben/2026-01432/,education,official_register_navigation_point_not_footprint,,
MB-2026-01431,Marienfelder Schule (Grundschule): Erweiterungsneubau,https://mein.berlin.de/vorhaben/2026-01431/,education,official_register_navigation_point_not_footprint,,
MB-2026-01430,07Kn01 ISS am Tirschenreuther Ring: Neubau ISS mit Sporthalle,https://mein.berlin.de/vorhaben/2026-01430/,education,official_register_navigation_point_not_footprint,,
MB-2026-01429,Grundschule Marienfelder Allee: Neubau Grundschule mit Sporthalle,https://mein.berlin.de/vorhaben/2026-01429/,education,official_register_navigation_point_not_footprint,,
MB-2026-01428,Schätzelberg-Grundschule: Errichtung eines modularen Ergänzungsbaus in Holzmodulbauweise (HoMEB),https://mein.berlin.de/vorhaben/2026-01428/,education,official_register_navigation_point_not_footprint,,
MB-2026-01425,"Prignitz-Schule: Umzug an den Standort Alt-Tempelhof 53-57, Errichtung eines MEB Flex G",https://mein.berlin.de/vorhaben/2026-01425/,education,official_register_navigation_point_not_footprint,,
MB-2026-01421,40. Schule (Grundschule): Reaktivierung und Erweiterung des Bestandsgebäudes mit Einbindung von außerschulischen Bedarfe,https://mein.berlin.de/vorhaben/2026-01421/,education,official_register_navigation_point_not_footprint,,
MB-2026-01417,Reaktivierung und Neugestaltung des Spielplatzes Britzer Wiesen,https://mein.berlin.de/vorhaben/2026-01417/,public_space,official_register_navigation_point_not_footprint,,
MB-2026-01412,"Sanierung des Spielplatzes ""Platz S"" mit Schwerpunkt auf der Etablierung eines Jugendstandorts",https://mein.berlin.de/vorhaben/2026-01412/,civic_sport,official_register_navigation_point_not_footprint,,
MB-2026-01409,Neubau Straße „Alt-Lübars“,https://mein.berlin.de/vorhaben/2026-01409/,transport,official_register_navigation_point_not_footprint,,
MB-2026-01383,Umbau Müncheberger Straße,https://mein.berlin.de/vorhaben/2026-01383/,transport,official_register_navigation_point_not_footprint,,
MB-2026-01382,Umbau Enckestraße,https://mein.berlin.de/vorhaben/2026-01382/,transport,official_register_navigation_point_not_footprint,,
MB-2026-01373,Neubau Freilufthalle Sportkomplex Rennbahnstraße,https://mein.berlin.de/vorhaben/2026-01373/,civic_sport,official_register_navigation_point_not_footprint,,
MB-2026-01371,Ersatzneubau des Spielplatzes Rütlistraße,https://mein.berlin.de/vorhaben/2026-01371/,public_space,official_register_navigation_point_not_footprint,,
MB-2026-01364,Ersatzneubau Kinderspielplatz Wildenbruchplatz,https://mein.berlin.de/vorhaben/2026-01364/,public_space,official_register_navigation_point_not_footprint,,
MB-2026-01362,Wohnungsneubau in der Cité Foch (Baufeld WA10),https://mein.berlin.de/vorhaben/2026-01362/,housing,official_register_navigation_point_not_footprint,,
MB-2026-01359,Neugestaltung des Spielplatzes und Senkgartens Rohrbeckstraße 2,https://mein.berlin.de/vorhaben/2026-01359/,public_space,official_register_navigation_point_not_footprint,,
MB-2026-01357,Neugestaltung der Grünfläche mit Spielplatz Fontane Eck,https://mein.berlin.de/vorhaben/2026-01357/,public_space,official_register_navigation_point_not_footprint,,
MB-2026-01350,Sanierung der Klosterkirchenruine,https://mein.berlin.de/vorhaben/2026-01350/,civic_sport,official_register_navigation_point_not_footprint,,
MB-2026-01349,Bauliche und energetische Sanierung und Modernisierung der Bibliothek am Luisenbad,https://mein.berlin.de/vorhaben/2026-01349/,civic_sport,official_register_navigation_point_not_footprint,,
MB-2026-01347,Wohnungsneubau Jan-Petersen-Straße 14,https://mein.berlin.de/vorhaben/2026-01347/,housing,official_register_navigation_point_not_footprint,,
MB-2026-01338,Sanierung des Kunstrasen Großspielfeldes - Uranusweg,https://mein.berlin.de/vorhaben/2026-01338/,civic_sport,official_register_navigation_point_not_footprint,,
MB-2026-01337,Sanierung des Kunststoff Basketball Spielfeldes Uranusweg,https://mein.berlin.de/vorhaben/2026-01337/,civic_sport,official_register_navigation_point_not_footprint,,
MB-2026-01336,Sanierung von Fenstern und Fassade des Bootshauses Tegel,https://mein.berlin.de/vorhaben/2026-01336/,civic_sport,official_register_navigation_point_not_footprint,,
MB-2026-01334,Sanierung des Ballfangzaunes - Sportanlage Hatzfeldtallee,https://mein.berlin.de/vorhaben/2026-01334/,civic_sport,official_register_navigation_point_not_footprint,,
MB-2025-01330,Umgestaltung des Kranoldplatzes,https://mein.berlin.de/vorhaben/2025-01330/,public_space,official_register_navigation_point_not_footprint,,
MB-2025-01328,Reaktivierung der Stammstrecke der Heidekrautbahn,https://mein.berlin.de/vorhaben/2025-01328/,transport,official_register_navigation_point_not_footprint,,
MB-2025-01316,Umbau und bauliche Anpassung der Gehwege im Kreuzungsbereich Hertastraße/ Kranoldstraße,https://mein.berlin.de/vorhaben/2025-01316/,transport,official_register_navigation_point_not_footprint,,
MB-2025-01304,Neugestaltung Dresdener Str. 127 zu einem Ort für alle Generationen,https://mein.berlin.de/vorhaben/2025-01304/,scope_review,official_register_navigation_point_not_footprint,,
MB-2025-01295,Kabelsanierung in der Altstadt Spandau,https://mein.berlin.de/vorhaben/2025-01295/,energy,official_register_navigation_point_not_footprint,,
MB-2025-01294,Carl-Bosch-Oberschule Sanierung und Erweiterung der Bestandsgebäude der ISS und der ehemaligen Kinderklinik,https://mein.berlin.de/vorhaben/2025-01294/,education,official_register_navigation_point_not_footprint,,
MB-2025-01292,„Von Drachen und Nixen“ – Neubau Spielplatz Zossener Straße,https://mein.berlin.de/vorhaben/2025-01292/,public_space,official_register_navigation_point_not_footprint,,
MB-2025-01290,Umgestaltung der Schillingstraße,https://mein.berlin.de/vorhaben/2025-01290/,transport,official_register_navigation_point_not_footprint,,
MB-2025-01265,"Neubau ""Haus der Jugend"" am Werner-Voss-Damm 47",https://mein.berlin.de/vorhaben/2025-01265/,civic_sport,official_register_navigation_point_not_footprint,,
MB-2025-01255,Christoph-Földerich-Grundschule Neubau Sporthalle und Sanierung Schulhof,https://mein.berlin.de/vorhaben/2025-01255/,education,official_register_navigation_point_not_footprint,,
MB-2025-01251,Neubau Götelstraße,https://mein.berlin.de/vorhaben/2025-01251/,transport,official_register_navigation_point_not_footprint,,
MB-2025-01246,Neugestaltung Freifläche Neuenburgerstraße / Lindenstraße,https://mein.berlin.de/vorhaben/2025-01246/,public_space,official_register_navigation_point_not_footprint,,
MB-2025-01241,Bibliothek am Schäfersee  - Energetische Sanierung und Herstellung der Barrierefreiheit,https://mein.berlin.de/vorhaben/2025-01241/,civic_sport,official_register_navigation_point_not_footprint,,
MB-2025-01233,Erneuerung Spielplatz Germaniastraße,https://mein.berlin.de/vorhaben/2025-01233/,public_space,official_register_navigation_point_not_footprint,,
MB-2025-01230,Erneuerung Spielplatz Götzstraße,https://mein.berlin.de/vorhaben/2025-01230/,public_space,official_register_navigation_point_not_footprint,,
MB-2025-01228,Neugestaltung Grünanlage,https://mein.berlin.de/vorhaben/2025-01228/,public_space,official_register_navigation_point_not_footprint,,
MB-2025-01224,Neugestaltung Blücherstraße zwischen Baerwaldstraße und Südstern,https://mein.berlin.de/vorhaben/2025-01224/,transport,official_register_navigation_point_not_footprint,,
MB-2025-01200,Neugestaltung Spielplatz Waldemarstraße,https://mein.berlin.de/vorhaben/2025-01200/,public_space,official_register_navigation_point_not_footprint,,
MB-2025-01199,Neugestaltung der Kinderspielplätze am Richardplatz,https://mein.berlin.de/vorhaben/2025-01199/,public_space,official_register_navigation_point_not_footprint,,
MB-2025-01195,Neubau Umspannwerk Kurt-Schumacher-Damm,https://mein.berlin.de/vorhaben/2025-01195/,energy,official_register_navigation_point_not_footprint,,
MB-2025-01194,denkmalgerechte Modernisierung des Brunnenplatzes,https://mein.berlin.de/vorhaben/2025-01194/,public_space,official_register_navigation_point_not_footprint,,
MB-2025-01168,Neubau Radverkehrsanlage in der Oranienburger Straße,https://mein.berlin.de/vorhaben/2025-01168/,transport,official_register_navigation_point_not_footprint,,
MB-2025-01155,Amtshaus Buchholz: Grundinstandsetzung,https://mein.berlin.de/vorhaben/2025-01155/,civic_sport,official_register_navigation_point_not_footprint,,
MB-2025-01152,Sanierung des Kunstrasen Großspielfeldes Königshorster Straße,https://mein.berlin.de/vorhaben/2025-01152/,civic_sport,official_register_navigation_point_not_footprint,,
MB-2025-01151,Freizeitpark Lübars - Wegesanierung,https://mein.berlin.de/vorhaben/2025-01151/,public_space,official_register_navigation_point_not_footprint,,
MB-2025-01148,Umbau der Adalbertstraße,https://mein.berlin.de/vorhaben/2025-01148/,transport,official_register_navigation_point_not_footprint,,
MB-2025-01145,Ausbau der Schmidtstraße,https://mein.berlin.de/vorhaben/2025-01145/,transport,official_register_navigation_point_not_footprint,,
MB-2025-01135,Sanierung Germersheimer Platz,https://mein.berlin.de/vorhaben/2025-01135/,public_space,official_register_navigation_point_not_footprint,,
MB-2025-01131,Umgestaltung Potentialflächen Sportplatz Maybachufer,https://mein.berlin.de/vorhaben/2025-01131/,civic_sport,official_register_navigation_point_not_footprint,,
MB-2025-01129,Netzausbau Tempelhof-Schöneberg; Marienfelde,https://mein.berlin.de/vorhaben/2025-01129/,energy,official_register_navigation_point_not_footprint,,
MB-2025-01125,Neugestaltung Lausitzer Platz,https://mein.berlin.de/vorhaben/2025-01125/,public_space,official_register_navigation_point_not_footprint,,
MB-2025-01122,Sanierung und Ersatzanbau Kindervilla Lucy-Lameck Str. 31,https://mein.berlin.de/vorhaben/2025-01122/,civic_sport,official_register_navigation_point_not_footprint,,
MB-2025-01119,Erweiterung und Umgestaltung am Sprengelpark,https://mein.berlin.de/vorhaben/2025-01119/,public_space,official_register_navigation_point_not_footprint,,
MB-2025-01115,Umgestaltung nördlicher Grünzug Gropiusstadt,https://mein.berlin.de/vorhaben/2025-01115/,public_space,official_register_navigation_point_not_footprint,,
MB-2025-01112,Schulhofneubau Ringelnatz-Grundschule,https://mein.berlin.de/vorhaben/2025-01112/,education,official_register_navigation_point_not_footprint,,
MB-2025-01110,Schulhofneubau der Charlie-Chaplin-Grundschule,https://mein.berlin.de/vorhaben/2025-01110/,education,official_register_navigation_point_not_footprint,,
MB-2025-01107,Umgestaltung Grünanlage Carl-Herz-Ufer und Bau barrierefreier Spielplatz,https://mein.berlin.de/vorhaben/2025-01107/,public_space,official_register_navigation_point_not_footprint,,
MB-2025-01096,Neugestaltung der Freiflächen Koppen-/Palisadenstraße,https://mein.berlin.de/vorhaben/2025-01096/,public_space,official_register_navigation_point_not_footprint,,
MB-2025-01095,Neubau Schulsportanlage für die Spartacus-Grundschule,https://mein.berlin.de/vorhaben/2025-01095/,education,official_register_navigation_point_not_footprint,,
MB-2024-01081,Umgestaltung der Schillerpromenade und des Herrfurthplatzes,https://mein.berlin.de/vorhaben/2024-01081/,public_space,official_register_navigation_point_not_footprint,,
MB-2024-01080,Sanierung des Gartendenkmals Marienhöhe,https://mein.berlin.de/vorhaben/2024-01080/,public_space,official_register_navigation_point_not_footprint,,
MB-2024-01075,Ersatzneubau Sport- und Funktionsgebäude Ella-Kay-Straße,https://mein.berlin.de/vorhaben/2024-01075/,civic_sport,official_register_navigation_point_not_footprint,,
MB-2024-01063,Schulhofsanierung Märkische Grundschule,https://mein.berlin.de/vorhaben/2024-01063/,education,official_register_navigation_point_not_footprint,,
MB-2024-01045,Neubau GE-Förderzentrum Waidmannsluster Damm,https://mein.berlin.de/vorhaben/2024-01045/,education,official_register_navigation_point_not_footprint,,
MB-2024-01043,Modernisierung der Begegnungsstätte Haus Bottrop,https://mein.berlin.de/vorhaben/2024-01043/,civic_sport,official_register_navigation_point_not_footprint,,
MB-2024-01042,Sanierung des Otawitreffs,https://mein.berlin.de/vorhaben/2024-01042/,civic_sport,official_register_navigation_point_not_footprint,,
MB-2024-01041,Schulhofsanierung Hoffmann-von-Fallersleben-Grundschule,https://mein.berlin.de/vorhaben/2024-01041/,education,official_register_navigation_point_not_footprint,,
MB-2024-01039,Sanierung des Uferwanderweges Tegel,https://mein.berlin.de/vorhaben/2024-01039/,public_space,official_register_navigation_point_not_footprint,,
MB-2024-01038,Sanierung des Uferwanderweges Konradshöhe,https://mein.berlin.de/vorhaben/2024-01038/,public_space,official_register_navigation_point_not_footprint,,
MB-2024-01028,Grundinstandsetzung Jugendfreizeitstätte Fuchsbau,https://mein.berlin.de/vorhaben/2024-01028/,civic_sport,official_register_navigation_point_not_footprint,,
MB-2024-01023,Umgestaltung der Ella-Barowsky-Straße,https://mein.berlin.de/vorhaben/2024-01023/,transport,official_register_navigation_point_not_footprint,,
MB-2024-01020,Umgestaltung des Kinderspielplatzes in der Silbersteinstraße 119,https://mein.berlin.de/vorhaben/2024-01020/,public_space,official_register_navigation_point_not_footprint,,
MB-2024-01014,Sanierung und Erweiterung der Jugendfreizeiteinrichtung Düppel,https://mein.berlin.de/vorhaben/2024-01014/,civic_sport,official_register_navigation_point_not_footprint,,
MB-2024-01002,Umbau der Ilsestraße zur Fahrradstraße,https://mein.berlin.de/vorhaben/2024-01002/,transport,official_register_navigation_point_not_footprint,,
MB-2024-00999,Aufwertung und Sanierung des Rosengartens in Reinickendorf,https://mein.berlin.de/vorhaben/2024-00999/,public_space,official_register_navigation_point_not_footprint,,
MB-2024-00994,Neubau Umspannwerk Amalienhof,https://mein.berlin.de/vorhaben/2024-00994/,energy,official_register_navigation_point_not_footprint,,
MB-2024-00987,Neubau Beratungszentrum am Senftenberger Ring 27a,https://mein.berlin.de/vorhaben/2024-00987/,civic_sport,official_register_navigation_point_not_footprint,,
MB-2024-00983,Gesamtsanierung der Miriam-Makeba-Grundschule – Gebäudehülle und Innensanierung,https://mein.berlin.de/vorhaben/2024-00983/,education,official_register_navigation_point_not_footprint,,
MB-2024-00981,Neubau einer Gemeinschaftsschule an der Pankstraße 70 / Orthstraße 1,https://mein.berlin.de/vorhaben/2024-00981/,education,official_register_navigation_point_not_footprint,,
MB-2024-00979,Neubau Gymnasium Schulstraße 97,https://mein.berlin.de/vorhaben/2024-00979/,education,official_register_navigation_point_not_footprint,,
MB-2024-00978,"Carl-Kraemer-Grundschule, Gesamtsanierung",https://mein.berlin.de/vorhaben/2024-00978/,education,official_register_navigation_point_not_footprint,,
MB-2024-00973,Erneuerung der Uferwege und Freiflächen am Urbanhafen in Friedrichshain-Kreuzberg,https://mein.berlin.de/vorhaben/2024-00973/,public_space,official_register_navigation_point_not_footprint,,
MB-2024-00958,Neugestaltung Europaplatz Nord,https://mein.berlin.de/vorhaben/2024-00958/,public_space,official_register_navigation_point_not_footprint,,
MB-2024-00955,Neubau Wegeverbindung am Stangenpfuhl,https://mein.berlin.de/vorhaben/2024-00955/,public_space,official_register_navigation_point_not_footprint,,
MB-2024-00951,Sanierung des Bolzplatzes Bernkastler Platz,https://mein.berlin.de/vorhaben/2024-00951/,public_space,official_register_navigation_point_not_footprint,,
MB-2024-00949,Umgestaltung des Hermann-Ehlers-Platz,https://mein.berlin.de/vorhaben/2024-00949/,public_space,official_register_navigation_point_not_footprint,,
MB-2024-00917,Umgestaltung des Barbarossaplatzes,https://mein.berlin.de/vorhaben/2024-00917/,public_space,official_register_navigation_point_not_footprint,,
MB-2024-00914,Sanierung Bolzplatz Singerstraße,https://mein.berlin.de/vorhaben/2024-00914/,public_space,official_register_navigation_point_not_footprint,,
MB-2024-00910,Modernisierung Umspannwerk Kladow,https://mein.berlin.de/vorhaben/2024-00910/,energy,official_register_navigation_point_not_footprint,,
MB-2024-00906,Erneuerung Kinderspielplatz Agnes-Sorma Platz,https://mein.berlin.de/vorhaben/2024-00906/,public_space,official_register_navigation_point_not_footprint,,
MB-2024-00901,Grundinstandsetzung Tunnel Schlangenbader Straße,https://mein.berlin.de/vorhaben/2024-00901/,transport,official_register_navigation_point_not_footprint,,
MB-2024-00882,Grunderneuerung Promenadenwege Rudower Fließ,https://mein.berlin.de/vorhaben/2024-00882/,public_space,official_register_navigation_point_not_footprint,,
MB-2024-00867,Baumaßnahme zur Sanierung und Umnutzung des denkmalgeschützten Kioskgebäudes am Schäfersee,https://mein.berlin.de/vorhaben/2024-00867/,civic_sport,official_register_navigation_point_not_footprint,,
MB-2024-00866,Neubau Jugend- und Stadtteilzentrum Auguste-Viktoria-Allee,https://mein.berlin.de/vorhaben/2024-00866/,civic_sport,official_register_navigation_point_not_footprint,,
MB-2024-00858,Neubau Gollanczstraße,https://mein.berlin.de/vorhaben/2024-00858/,transport,official_register_navigation_point_not_footprint,,
MB-2024-00854,Neubau Spielplatz Freizeitpark Lübars,https://mein.berlin.de/vorhaben/2024-00854/,public_space,official_register_navigation_point_not_footprint,,
MB-2024-00853,Neubau Außenanlagen Dachsbau,https://mein.berlin.de/vorhaben/2024-00853/,public_space,official_register_navigation_point_not_footprint,,
MB-2024-00852,Neubau einer 4-zügigen Grundschule mit Sporthalle - Cité Foch,https://mein.berlin.de/vorhaben/2024-00852/,education,official_register_navigation_point_not_footprint,,
MB-2023-00846,Neugestaltung (Spiel-)Platz an der Remise,https://mein.berlin.de/vorhaben/2023-00846/,public_space,official_register_navigation_point_not_footprint,,
MB-2023-00844,Erneuerung der Prenzlauer Promenade zwischen Am Steinberg und Rothenbachstraße,https://mein.berlin.de/vorhaben/2023-00844/,public_space,official_register_navigation_point_not_footprint,,
MB-2023-00837,Neubau Markgrafenstraße,https://mein.berlin.de/vorhaben/2023-00837/,transport,official_register_navigation_point_not_footprint,,
MB-2023-00831,Ausbau Kinder- und Jugendhaus Nahariyastraße zum Familiencampus,https://mein.berlin.de/vorhaben/2023-00831/,civic_sport,official_register_navigation_point_not_footprint,,
MB-2023-00826,Klima- und denkmalgerechte Umgestaltung des Ensembles „Dorfanger Bohnsdorf“,https://mein.berlin.de/vorhaben/2023-00826/,public_space,official_register_navigation_point_not_footprint,,
MB-2023-00824,Sanierung des Gartendenkmals Volkspark Mariendorf,https://mein.berlin.de/vorhaben/2023-00824/,public_space,official_register_navigation_point_not_footprint,,
MB-2023-00823,Sanierung des Dorfteichs Lichtenrade,https://mein.berlin.de/vorhaben/2023-00823/,public_space,official_register_navigation_point_not_footprint,,
MB-2023-00817,Umbau der Bahnhofstraße,https://mein.berlin.de/vorhaben/2023-00817/,transport,official_register_navigation_point_not_footprint,,
MB-2023-00810,Neubau Senheimer Straße,https://mein.berlin.de/vorhaben/2023-00810/,transport,official_register_navigation_point_not_footprint,,
MB-2023-00798,Neubau eines Umspannwerks in Berlin Mitte,https://mein.berlin.de/vorhaben/2023-00798/,energy,official_register_navigation_point_not_footprint,,
MB-2023-00794,Nachnutzung Flughafen Tegel - Netzausbau,https://mein.berlin.de/vorhaben/2023-00794/,energy,official_register_navigation_point_not_footprint,,
MB-2023-00792,Neubau eines Umspannwerks im Rollberg-Kiez,https://mein.berlin.de/vorhaben/2023-00792/,energy,official_register_navigation_point_not_footprint,,
MB-2023-00791,Netzsanierung rund um die Claszeile und Modernisierung des Umspannwerks Claszeile,https://mein.berlin.de/vorhaben/2023-00791/,energy,official_register_navigation_point_not_footprint,,
MB-2023-00790,Neubau eines Umspannwerks in Marzahn,https://mein.berlin.de/vorhaben/2023-00790/,energy,official_register_navigation_point_not_footprint,,
MB-2023-00789,Erweiterungsneubau am Umspannwerk Tiefwerder,https://mein.berlin.de/vorhaben/2023-00789/,energy,official_register_navigation_point_not_footprint,,
MB-2023-00781,Sanierung und Ausbau der Gustave-Eiffel-Schule,https://mein.berlin.de/vorhaben/2023-00781/,education,official_register_navigation_point_not_footprint,,
MB-2023-00777,Neubau - Sportjugendclub Wildwuchs,https://mein.berlin.de/vorhaben/2023-00777/,civic_sport,official_register_navigation_point_not_footprint,,
MB-2023-00775,Neugestaltung - Metzer Platz,https://mein.berlin.de/vorhaben/2023-00775/,public_space,official_register_navigation_point_not_footprint,,
MB-2023-00766,Sanierung und Klimaanpassung Park am Weißen See,https://mein.berlin.de/vorhaben/2023-00766/,public_space,official_register_navigation_point_not_footprint,,
MB-2023-00756,Ersatzneubau Schulenburgbrücke,https://mein.berlin.de/vorhaben/2023-00756/,education,official_register_navigation_point_not_footprint,,
MB-2023-00735,Neugestaltung der Liebensteiner Promenade (nördlicher Teil),https://mein.berlin.de/vorhaben/2023-00735/,public_space,official_register_navigation_point_not_footprint,,
MB-2023-00733,Erneuerung der Torstraße in Mitte; 1. Teilabschnitt zwischen Chausseestraße und Rosenthaler Platz,https://mein.berlin.de/vorhaben/2023-00733/,public_space,official_register_navigation_point_not_footprint,,
MB-2023-00731,Sanierung Rummelsburger See,https://mein.berlin.de/vorhaben/2023-00731/,public_space,official_register_navigation_point_not_footprint,,
MB-2023-00716,Umbau der Karl-Marx-Straße - 3. Bauabschnitt zwischen Briesestraße und Weichselstraße,https://mein.berlin.de/vorhaben/2023-00716/,transport,official_register_navigation_point_not_footprint,,
MB-2023-00707,Umgestaltung Blochplatz,https://mein.berlin.de/vorhaben/2023-00707/,public_space,official_register_navigation_point_not_footprint,,
MB-2023-00706,Ausbau der Weserstraße zur Fahrradstraße,https://mein.berlin.de/vorhaben/2023-00706/,transport,official_register_navigation_point_not_footprint,,
MB-2023-00705,Erneuerung der Weichselstraße,https://mein.berlin.de/vorhaben/2023-00705/,transport,official_register_navigation_point_not_footprint,,
MB-2023-00704,Umgestaltung und Neugestaltung der Elbestraße,https://mein.berlin.de/vorhaben/2023-00704/,transport,official_register_navigation_point_not_footprint,,
MB-2023-00691,Grundhafte Erneuerung der B1 – Schloßstraße/Unter den Eichen zwischen Wolfensteindamm und Thielallee,https://mein.berlin.de/vorhaben/2023-00691/,transport,official_register_navigation_point_not_footprint,,
MB-2023-00683,Neugestaltung des Spielplatzes Singerstraße 114-117,https://mein.berlin.de/vorhaben/2023-00683/,public_space,official_register_navigation_point_not_footprint,,
MB-2023-00661,Neue Höfe. Mehr Nutzen. Klimagerechter Umbau des Serenadenhofes,https://mein.berlin.de/vorhaben/2023-00661/,public_space,official_register_navigation_point_not_footprint,,
MB-2022-00547,Sanierung Spielplatz Panketal,https://mein.berlin.de/vorhaben/2022-00547/,public_space,official_register_navigation_point_not_footprint,,
MB-2022-00543,Gehwegsanierung am Spittelmarkt,https://mein.berlin.de/vorhaben/2022-00543/,transport,official_register_navigation_point_not_footprint,,
MB-2022-00520,"Neubau Begegnungszentrum Westerwaldstraße mit Stadtteilzentrum, Seniorenklub, JugendTheaterwerkstatt",https://mein.berlin.de/vorhaben/2022-00520/,civic_sport,official_register_navigation_point_not_footprint,,
MB-2022-00516,Umgestaltung der Spiel- und Sportflächen an der Bornsdorfer Straße,https://mein.berlin.de/vorhaben/2022-00516/,civic_sport,official_register_navigation_point_not_footprint,,
MB-2021-00469,Neugestaltung Schmollerplatz Alt-Treptow,https://mein.berlin.de/vorhaben/2021-00469/,public_space,official_register_navigation_point_not_footprint,,
MB-2021-00464,Ausbau der Oderstraße zur Fahrradstraße,https://mein.berlin.de/vorhaben/2021-00464/,transport,official_register_navigation_point_not_footprint,,
MB-2021-00462,Grundhafte Erneuerung und Umgestaltung der Straße Unter den Linden von Pariser Platz bis Schloßbrücke,https://mein.berlin.de/vorhaben/2021-00462/,transport,official_register_navigation_point_not_footprint,,
